{
	code: "spikedagger",
	damagedby: ["attacking"],
	tool: "sword",
	class: "VerySlowSpearChargeSlow",
	attributes: {
		handbook: { groupBy: ["spikedagger-*"] },
		groundStorageTransformByType: {
			"*": {
			translation: { x: 0, y: -0.04, z: -0.04 },
			rotation: { x: 26, y: 90, z: -90 },
			scale: 0.97
			}
		},
		toolrackTransform: {
			translation: { x: -0.45, y: 1, z: 0 },
			rotation: { x: 0, y: -180, z: 0 },
			scale: 2
		}
	},
	behaviors: [{ 
		name: "GroundStorable",
		properties: {
			layout: 'WallHalves',
			wallOffYByType: {
				"*": 2
			},
			sprintKey: true,
			selectionBox: { x1: 0, y1: 0, z1: 0, x2: 1, y2: 0.1, z2: 1 },
			collisionBox: { x1: 0, y1: 0, z1: 0, x2: 0, y2: 0, z2: 0 },
		}
	},{ name: "AnimationAuthoritative" }],
	variantgroups: [
		{ code: "metal", states: ["copper", "tinbronze", "bismuthbronze", "blackbronze", "iron", "meteoriciron", "steel"] },
	],
	shape: { base: "item/weapon/spikedagger1" },
	heldTpHitAnimation: "spearhit",
	heldTpUseAnimation: "interactstatic",
	textures: { "iron": { base: "game:block/metal/anvil/{metal}" } },
	attackRange: 2, 
	tooltierbytype: {
		"*-copper": 4,
		"*-bismuthbronze": 5,
		"*-tinbronze": 5,
		"*-blackbronze": 5,
		"*-iron": 6,
		"*-meteoriciron": 6,
		"*-steel": 7
	},
	attackpowerbytype: {
		"*-copper": 0.75,
		"*-tinbronze": 1,
		"*-bismuthbronze": 1,
		"*-blackbronze": 1,
		"*-iron": 1.5,
		"*-meteoriciron": 1.75,
		"*-steel": 2
	},
	durabilitybytype: {
		"*-copper": 180,
		"*-tinbronze": 320,
		"*-bismuthbronze": 340,
		"*-blackbronze": 360,
		"*-iron": 520,
		"*-meteoriciron": 580,
		"*-steel": 720
	},
	damageTypeByType: {
		"*": "Crushing",
	},
	creativeinventory: { "general": ["*"], "items": ["*"], "tools": ["*"], "alphaweaponpack": ["*"] },
	guiTransform: {
		translation: { x: 0, y: 0, z: 50 },
		rotation: { x: -65, y: 50, z: 15 },
		origin: { x: 0.2, y: -0.3, z: 0.6 },
		scale: 3.55
	},
	fpHandTransform: {
		translation: { x: 0, y: 0, z: -0.6 },
		rotation: { x: -90, y: 30, z: 90 },
		origin: { x: 0.5, y: 0.3, z: 0.5 },
		scale: 4
	},
	tpHandTransform: {
		translation: { x: -0.8, y: -0.5, z: -0.05 },
		rotation: { x: 90, y: 0, z: 0 },
		scale: 0.95
	},
	groundTransform: {
		translation: { x: 0, y: 0.52, z: 0 },
		rotation: { x: 0, y: 0, z: 0 },
		origin: { x: 0.5, y: 0.5, z: 0.5299 },
		scale: 5
	}
}