{
	code: "throwingspear",
	class: "ItemSpear",
	damagedby: ["blockbreaking"],
	tool: "spear",
	maxstacksize: 440,
	storageFlags: 513,
	variantgroups: [
		{ code: "material", states: [ "obsidian", "flint", "bone", "copper", "tinbronze", "bismuthbronze", "blackbronze", "iron", "meteoriciron", "steel" ] },
	],
	behaviors: [{ name: "AnimationAuthoritative" }],
	shapeByType: {
		"throwingspear-*": { base: "item/tool/throwingspear-copper" }
	},
	heldTpHitAnimation: "spearhit",
	texturesByType: {
		
		"*-obsidian": {
			"copper": { base: "game:block/stone/rock/{material}1" },
		},
		"*-flint": {
			"copper": { base: "game:block/stone/{material}" },
		},
		"*-bone": {
			"copper": { base: "game:block/creature/bone-yellow" },
		},
		"*": {
			"copper": { base: "game:block/metal/anvil/{material}" },
		}
	},
	attackRange: 3,
	attackpowerbytype: {
		"*-flint": 1.25,
		"*-obsidian": 1.4,
		"*-bone": 1.3,
		
		"*-copper": 1.8,
		"*-bismuthbronze": 2.6,
		"*-tinbronze": 2.8,
		"*-blackbronze": 3,
		
		"*-iron": 3.4,
		"*-meteoriciron": 3.7,
		"*-steel": 4.5
	},
	tooltierbytype: {
		"*-flint": 0,
		"*-obsidian": 1,
		"*-bone": 0,
		"*-copper": 2,
		"*-bismuthbronze": 3,
		"*-tinbronze": 3,
		"*-blackbronze": 3,
		"*-iron": 4,
		"*-meteoriciron": 4,
		"*-steel": 5
	},
	damageTypeByType: {
		"*": "PiercingAttack",
	},
	"__comment": "Thrown damage",
	attributes: {
		damageByType: {
			
			"*-flint": 6,
			"*-obsidian": 7,
			"*-bone": 6.5,

			"*-copper": 9,
			"*-bismuthbronze": 11.5,
			"*-tinbronze": 11.7,
			"*-blackbronze": 12,
			
			"*-iron": 14,
			"*-meteoriciron": 15,
			"*-steel": 18
		},
		tooltierbytype: {
			"*-flint": 1,
			"*-obsidian": 2,
			"*-bone": 1,
			"*-copper": 3,
			"*-bismuthbronze": 4,
			"*-tinbronze": 4,
			"*-blackbronze": 4,
			"*-iron": 5,
			"*-meteoriciron": 5,
			"*-steel": 6
		},
		damageTypeByType: {
		"*": "PiercingAttack",
		},
		breakChanceOnImpactByType: {
			"*-flint": 0.1,
			"*-obsidian": 0.15,

			"*-copper": 0.05,
			"*-bismuthbronze": 0.01,
			"*-tinbronze": 0.01,
			"*-blackbronze": 0.01,
			
			"throwingspear-iron": 0,
			"throwingspear-meteoriciron": 0,
			"throwingspear-steel": 0
		},
		spearEntityCode: "weaponpacka:throwingspear-{material}",
		handbook: {
			groupBy: ["throwingspear-*"]
		},
		toolrackTransformByType: {
			"*": {
				rotation: { x: 90, y: 1, z: -1 },
				translation: { x: -0.2, y: 0.05, z: 0.5 },
				scale: 1
			}
		}
	},
	creativeinventory: { "general": ["*"], "items": ["*"], "tools": ["*"], "alphaweaponpack": ["*"] },
	guiTransform: {
		translation: { x: 0, y: 0, z: 80 },
		rotation: { x: 45, y: -116, z: 55 },
		origin: { x: 0.5, y: 0.05, z: 0.55 },
		scale: 2.55
	},
	fpHandTransform: {
		translation: { x: 0, y: 0, z: 0 },
		rotation: { x: -90, y: 20, z: 90 },
		scale: 3.4
	},
	groundTransformByType: {
		"*":
			{
				translation: { x: 0, y: 0, z: 0 },
				rotation: { x: 0, y: 0, z: 0 },
				origin: { x: 0.5, y: 0, z: 0.5 },
				scale: 3.4
			}
	},
	tpHandTransform: {
		translation: { x: -0.84, y: -0.01, z: -0.56 },
		rotation: { x: -81, y: 0, z: 0 },
		origin: { x: 0.6, y: 0, z: 0.5 },
		scale: 0.8
	}
}