{
	"editor": {
		"allAngles": true,
		"entityTextureMode": false
	},
	"textureWidth": 16,
	"textureHeight": 16,
	"textureSizes": {
	},
	"textures": {
		"aged": "game:block/wood/debarked/aged",
		"black1": "game:block/cloth/wool/black1",
		"iron": "game:block/metal/anvil/iron",
		"brown2": "game:block/cloth/wool/brown2",
		"black2": "game:block/cloth/wool/black2",
		"bone-yellow": "game:block/creature/bone-yellow",
		"brown1": "game:block/cloth/wool/brown1",
		"black3": "game:block/cloth/wool/black3"
	},
	"elements": [
		{
			"name": "origin",
			"from": [ 18.0, 0.65, 8.0 ], 
			"to": [ 18.0, 0.65, 8.0 ], 
			"rotationOrigin": [ 8.0, 0.65, 8.15 ],
			"faces": {
				"north": { "texture": "#iron", "uv": [ 0.0, 0.0, 0.5, 0.5 ] },
				"east": { "texture": "#iron", "uv": [ 0.0, 0.0, 0.5, 0.5 ] },
				"south": { "texture": "#iron", "uv": [ 0.0, 0.0, 0.5, 0.5 ] },
				"west": { "texture": "#iron", "uv": [ 0.0, 0.0, 0.5, 0.5 ] },
				"up": { "texture": "#iron", "uv": [ 0.0, 0.0, 0.5, 0.5 ] },
				"down": { "texture": "#iron", "uv": [ 0.0, 0.0, 0.5, 0.5 ] }
			},
			"children": [
				{
					"name": "handle 1",
					"from": [ -36.0, -0.6, -0.6 ], 
					"to": [ -26.0, 0.9, 0.9 ], 
					"rotationOrigin": [ -35.5, -0.1, -0.1 ],
					"faces": {
						"north": { "texture": "#aged", "uv": [ 4.0, 3.5, 14.0, 5.0 ] },
						"east": { "texture": "#aged", "uv": [ 4.5, 9.0, 6.0, 10.5 ], "enabled": false },
						"south": { "texture": "#aged", "uv": [ 1.5, 7.5, 11.5, 9.0 ] },
						"west": { "texture": "#aged", "uv": [ 13.0, 9.5, 14.5, 11.0 ] },
						"up": { "texture": "#aged", "uv": [ 2.0, 9.5, 12.0, 11.0 ] },
						"down": { "texture": "#aged", "uv": [ 5.5, 4.0, 15.5, 5.5 ] }
					}
				},
				{
					"name": "handle 5",
					"from": [ -26.0, -0.7, -0.7 ], 
					"to": [ -14.0, 1.0, 1.0 ], 
					"rotationOrigin": [ -25.5, -0.2, -0.2 ],
					"faces": {
						"north": { "texture": "#black1", "uv": [ 0.0, 5.5, 12.0, 7.0 ] },
						"east": { "texture": "#black1", "uv": [ 1.0, 0.5, 2.5, 2.0 ] },
						"south": { "texture": "#black1", "uv": [ 0.0, 10.5, 12.0, 12.0 ] },
						"west": { "texture": "#black1", "uv": [ 14.0, 10.0, 15.5, 11.5 ] },
						"up": { "texture": "#black1", "uv": [ 0.0, 4.5, 12.0, 6.0 ] },
						"down": { "texture": "#black1", "uv": [ 0.0, 5.0, 12.0, 6.5 ] }
					}
				},
				{
					"name": "handle 20",
					"from": [ -14.0, -0.6, -0.6 ], 
					"to": [ -2.0, 0.9, 0.9 ], 
					"rotationOrigin": [ -14.0, 0.15, 0.15 ],
					"faces": {
						"north": { "texture": "#aged", "uv": [ 3.5, 9.5, 14.5, 11.0 ] },
						"east": { "texture": "#aged", "uv": [ 6.5, 4.5, 8.0, 6.0 ] },
						"south": { "texture": "#aged", "uv": [ 3.5, 10.0, 14.5, 11.5 ] },
						"west": { "texture": "#aged", "uv": [ 11.0, 7.0, 12.5, 8.5 ], "enabled": false },
						"up": { "texture": "#aged", "uv": [ 2.0, 6.5, 13.0, 8.0 ] },
						"down": { "texture": "#aged", "uv": [ 2.5, 8.0, 13.5, 9.5 ] }
					}
				},
				{
					"name": "socket12",
					"from": [ -1.0, -0.45, -0.45 ], 
					"to": [ 1.0, 0.75, 0.75 ], 
					"rotationOrigin": [ -1.0, -0.45, -0.45 ],
					"rotationX": 2.0,
					"rotationZ": -1.0,
					"faces": {
						"north": { "texture": "#bone-yellow", "uv": [ 11.0, 9.0, 13.0, 10.0 ] },
						"east": { "texture": "#bone-yellow", "uv": [ 4.0, 13.0, 5.0, 14.0 ] },
						"south": { "texture": "#bone-yellow", "uv": [ 2.5, 8.0, 3.5, 10.0 ], "rotation": 90 },
						"west": { "texture": "#bone-yellow", "uv": [ 5.0, 5.0, 6.0, 6.0 ] },
						"up": { "texture": "#bone-yellow", "uv": [ 8.5, 4.5, 9.5, 6.5 ], "rotation": 90 },
						"down": { "texture": "#bone-yellow", "uv": [ 2.5, 8.5, 4.5, 9.5 ] }
					},
					"children": [
						{
							"name": "socket17",
							"from": [ -2.1, -0.25, 0.05 ], 
							"to": [ -0.4, 1.45, 1.75 ], 
							"rotationOrigin": [ -0.4, -0.25, 0.05 ],
							"rotationY": 44.999996548644546,
							"faces": {
								"north": { "texture": "#bone-yellow", "uv": [ 6.0, 9.5, 7.5, 11.0 ] },
								"east": { "texture": "#bone-yellow", "uv": [ 0.0, 12.0, 1.5, 13.5 ] },
								"south": { "texture": "#bone-yellow", "uv": [ 2.0, 10.5, 3.5, 12.0 ], "rotation": 90 },
								"west": { "texture": "#bone-yellow", "uv": [ 5.0, 0.0, 6.5, 1.5 ] },
								"up": { "texture": "#bone-yellow", "uv": [ 4.0, 9.0, 5.5, 10.5 ], "rotation": 90 },
								"down": { "texture": "#bone-yellow", "uv": [ 14.0, 5.0, 15.5, 6.5 ] }
							}
						},
						{
							"name": "socket16",
							"from": [ -0.5, -0.35, -1.25 ], 
							"to": [ 1.3, 1.55, 0.55 ], 
							"rotationOrigin": [ -0.5, -0.35, -1.25 ],
							"rotationY": -50.00000210112021,
							"faces": {
								"north": { "texture": "#bone-yellow", "uv": [ 13.5, 7.5, 15.0, 9.0 ] },
								"east": { "texture": "#bone-yellow", "uv": [ 8.0, 11.5, 9.5, 13.0 ] },
								"south": { "texture": "#bone-yellow", "uv": [ 3.0, 12.5, 4.5, 14.0 ], "rotation": 90 },
								"west": { "texture": "#bone-yellow", "uv": [ 2.0, 6.5, 3.5, 8.0 ] },
								"up": { "texture": "#bone-yellow", "uv": [ 5.5, 2.0, 7.0, 3.5 ], "rotation": 90 },
								"down": { "texture": "#bone-yellow", "uv": [ 13.5, 7.5, 15.0, 9.0 ] }
							}
						},
						{
							"name": "socket18",
							"from": [ 2.0, 0.1, 0.1 ], 
							"to": [ 3.5, 1.1, 1.1 ], 
							"rotationOrigin": [ 2.0, 0.1, 0.1 ],
							"faces": {
								"north": { "texture": "#bone-yellow", "uv": [ 0.0, 2.5, 1.5, 3.5 ] },
								"east": { "texture": "#bone-yellow", "uv": [ 13.0, 12.5, 14.0, 13.5 ] },
								"south": { "texture": "#bone-yellow", "uv": [ 9.5, 7.0, 10.5, 8.5 ], "rotation": 90 },
								"west": { "texture": "#bone-yellow", "uv": [ 2.0, 2.5, 3.0, 3.5 ] },
								"up": { "texture": "#bone-yellow", "uv": [ 2.5, 1.5, 3.5, 3.0 ], "rotation": 90 },
								"down": { "texture": "#bone-yellow", "uv": [ 6.0, 13.0, 7.5, 14.0 ] }
							}
						},
						{
							"name": "socket19",
							"from": [ 3.5, 0.3, 0.3 ], 
							"to": [ 5.0, 0.9, 0.9 ], 
							"rotationOrigin": [ 3.5, 0.3, 0.3 ],
							"faces": {
								"north": { "texture": "#bone-yellow", "uv": [ 7.5, 13.5, 9.0, 14.0 ] },
								"east": { "texture": "#bone-yellow", "uv": [ 10.5, 6.5, 11.0, 7.0 ] },
								"south": { "texture": "#bone-yellow", "uv": [ 13.5, 5.5, 14.0, 7.0 ], "rotation": 90 },
								"west": { "texture": "#bone-yellow", "uv": [ 0.0, 9.0, 0.5, 9.5 ] },
								"up": { "texture": "#bone-yellow", "uv": [ 8.5, 3.0, 9.0, 4.5 ], "rotation": 90 },
								"down": { "texture": "#bone-yellow", "uv": [ 3.0, 7.5, 4.5, 8.0 ] }
							}
						}
					]
				},
				{
					"name": "handle 23",
					"from": [ -15.0, -0.8, -1.15 ], 
					"to": [ -14.0, 1.1, 1.45 ], 
					"rotationOrigin": [ -14.5, -0.3, 0.2 ],
					"rotationY": 30.0,
					"faces": {
						"north": { "texture": "#brown1", "uv": [ 1.5, 8.5, 2.5, 10.0 ] },
						"east": { "texture": "#brown1", "uv": [ 8.0, 0.0, 10.5, 1.5 ] },
						"south": { "texture": "#brown1", "uv": [ 11.0, 0.5, 12.0, 2.0 ] },
						"west": { "texture": "#brown1", "uv": [ 3.0, 4.0, 5.5, 5.5 ] },
						"up": { "texture": "#brown1", "uv": [ 3.5, 11.5, 4.5, 14.0 ] },
						"down": { "texture": "#brown1", "uv": [ 8.0, 1.0, 9.0, 3.5 ] }
					},
					"children": [
						{
							"name": "handle 24",
							"from": [ 0.0, 0.0, 0.0 ], 
							"to": [ 1.0, 1.9, 2.6 ], 
							"rotationOrigin": [ 0.5, 0.5, 1.35 ],
							"rotationX": 1.0,
							"rotationY": -59.99998809427091,
							"faces": {
								"north": { "texture": "#brown1", "uv": [ 1.5, 2.5, 2.5, 4.0 ] },
								"east": { "texture": "#brown1", "uv": [ 2.0, 9.5, 4.5, 11.0 ] },
								"south": { "texture": "#brown1", "uv": [ 7.5, 13.5, 8.5, 15.0 ] },
								"west": { "texture": "#brown1", "uv": [ 2.0, 5.5, 4.5, 7.0 ] },
								"up": { "texture": "#brown1", "uv": [ 4.5, 0.0, 5.5, 2.5 ] },
								"down": { "texture": "#brown1", "uv": [ 14.5, 9.0, 15.5, 11.5 ] }
							}
						}
					]
				},
				{
					"name": "handle 26",
					"from": [ -26.0, -0.8, -1.15 ], 
					"to": [ -25.0, 1.1, 1.45 ], 
					"rotationOrigin": [ -25.5, -0.3, 0.2 ],
					"rotationY": 30.0,
					"faces": {
						"north": { "texture": "#brown2", "uv": [ 0.5, 3.5, 1.5, 5.0 ] },
						"east": { "texture": "#brown2", "uv": [ 6.0, 2.5, 8.5, 4.0 ] },
						"south": { "texture": "#brown2", "uv": [ 6.0, 13.0, 7.0, 14.5 ] },
						"west": { "texture": "#brown2", "uv": [ 4.5, 1.5, 7.0, 3.0 ] },
						"up": { "texture": "#brown2", "uv": [ 6.5, 13.0, 7.5, 15.5 ] },
						"down": { "texture": "#brown2", "uv": [ 8.0, 13.0, 9.0, 15.5 ] }
					},
					"children": [
						{
							"name": "handle 26",
							"from": [ 0.0, 0.0, 0.0 ], 
							"to": [ 1.0, 1.9, 2.6 ], 
							"rotationOrigin": [ 0.5, 0.5, 1.35 ],
							"rotationX": 1.0,
							"rotationY": -59.99998809427091,
							"faces": {
								"north": { "texture": "#brown2", "uv": [ 4.0, 9.0, 5.0, 10.5 ] },
								"east": { "texture": "#brown2", "uv": [ 5.5, 7.5, 8.0, 9.0 ] },
								"south": { "texture": "#brown2", "uv": [ 8.5, 7.5, 9.5, 9.0 ] },
								"west": { "texture": "#brown2", "uv": [ 11.5, 2.5, 14.0, 4.0 ] },
								"up": { "texture": "#brown2", "uv": [ 9.5, 4.5, 10.5, 7.0 ] },
								"down": { "texture": "#brown2", "uv": [ 8.0, 5.5, 9.0, 8.0 ] }
							}
						}
					]
				},
				{
					"name": "socket20",
					"from": [ -2.5, -0.35, 2.65 ], 
					"to": [ -0.5, 0.65, 3.65 ], 
					"rotationOrigin": [ -2.5, 0.15, 3.15 ],
					"rotationX": -5.0,
					"rotationY": 1.0,
					"rotationZ": -1.0,
					"faces": {
						"north": { "texture": "#bone-yellow", "uv": [ 4.5, 14.0, 6.5, 15.0 ] },
						"east": { "texture": "#bone-yellow", "uv": [ 10.0, 14.0, 11.0, 15.0 ] },
						"south": { "texture": "#bone-yellow", "uv": [ 6.0, 7.5, 7.0, 9.5 ], "rotation": 90 },
						"west": { "texture": "#bone-yellow", "uv": [ 2.0, 11.5, 3.0, 12.5 ] },
						"up": { "texture": "#bone-yellow", "uv": [ 4.0, 2.5, 5.0, 4.5 ], "rotation": 90 },
						"down": { "texture": "#bone-yellow", "uv": [ 4.5, 11.0, 6.5, 12.0 ] }
					},
					"children": [
						{
							"name": "socket20",
							"from": [ -1.3, -0.05, -0.15 ], 
							"to": [ 0.0, 1.05, 1.15 ], 
							"rotationOrigin": [ 0.4, -0.05, -0.15 ],
							"rotationY": 40.0,
							"faces": {
								"north": { "texture": "#bone-yellow", "uv": [ 9.5, 11.0, 10.5, 12.0 ] },
								"east": { "texture": "#bone-yellow", "uv": [ 6.5, 2.0, 7.5, 3.0 ] },
								"south": { "texture": "#bone-yellow", "uv": [ 0.0, 0.5, 1.0, 1.5 ], "rotation": 90 },
								"west": { "texture": "#bone-yellow", "uv": [ 8.0, 7.0, 9.0, 8.0 ] },
								"up": { "texture": "#bone-yellow", "uv": [ 14.0, 4.0, 15.0, 5.0 ], "rotation": 90 },
								"down": { "texture": "#bone-yellow", "uv": [ 6.0, 5.5, 7.0, 6.5 ] }
							}
						},
						{
							"name": "socket21",
							"from": [ -0.2, -0.15, -1.15 ], 
							"to": [ 1.4, 1.15, 0.45 ], 
							"rotationOrigin": [ -0.2, -0.15, -1.15 ],
							"rotationY": -40.0,
							"faces": {
								"north": { "texture": "#bone-yellow", "uv": [ 2.5, 14.0, 4.0, 15.0 ] },
								"east": { "texture": "#bone-yellow", "uv": [ 11.0, 6.5, 12.5, 7.5 ] },
								"south": { "texture": "#bone-yellow", "uv": [ 5.0, 6.5, 6.0, 8.0 ], "rotation": 90 },
								"west": { "texture": "#bone-yellow", "uv": [ 14.0, 6.0, 15.5, 7.0 ] },
								"up": { "texture": "#bone-yellow", "uv": [ 3.5, 10.5, 5.0, 12.0 ], "rotation": 90 },
								"down": { "texture": "#bone-yellow", "uv": [ 14.0, 10.5, 15.5, 12.0 ] }
							}
						},
						{
							"name": "socket22",
							"from": [ 2.0, 0.15, 0.15 ], 
							"to": [ 3.5, 0.85, 0.85 ], 
							"rotationOrigin": [ 2.0, 0.1, 0.1 ],
							"faces": {
								"north": { "texture": "#bone-yellow", "uv": [ 14.0, 5.0, 15.5, 5.5 ] },
								"east": { "texture": "#bone-yellow", "uv": [ 9.5, 4.5, 10.0, 5.0 ] },
								"south": { "texture": "#bone-yellow", "uv": [ 7.5, 6.0, 8.0, 7.5 ], "rotation": 90 },
								"west": { "texture": "#bone-yellow", "uv": [ 14.5, 12.0, 15.0, 12.5 ] },
								"up": { "texture": "#bone-yellow", "uv": [ 14.0, 11.5, 14.5, 13.0 ], "rotation": 90 },
								"down": { "texture": "#bone-yellow", "uv": [ 1.0, 10.5, 2.5, 11.0 ] }
							}
						},
						{
							"name": "socket23",
							"from": [ 3.5, 0.3, 0.3 ], 
							"to": [ 4.5, 0.7, 0.7 ], 
							"rotationOrigin": [ 3.5, 0.3, 0.3 ],
							"faces": {
								"north": { "texture": "#bone-yellow", "uv": [ 5.0, 2.0, 6.0, 2.5 ] },
								"east": { "texture": "#bone-yellow", "uv": [ 4.5, 2.0, 5.0, 2.5 ] },
								"south": { "texture": "#bone-yellow", "uv": [ 10.5, 7.5, 11.0, 8.5 ], "rotation": 90 },
								"west": { "texture": "#bone-yellow", "uv": [ 11.0, 13.0, 11.5, 13.5 ] },
								"up": { "texture": "#bone-yellow", "uv": [ 11.0, 5.5, 11.5, 6.5 ], "rotation": 90 },
								"down": { "texture": "#bone-yellow", "uv": [ 3.0, 6.5, 4.0, 7.0 ] }
							}
						}
					]
				},
				{
					"name": "handle 30",
					"from": [ -5.6, -0.35, -0.6 ], 
					"to": [ -1.6, 0.65, 0.5 ], 
					"rotationOrigin": [ -5.6, 0.45, -0.05 ],
					"rotationY": 45.0,
					"faces": {
						"north": { "texture": "#aged", "uv": [ 0.0, 13.0, 4.0, 14.0 ] },
						"east": { "texture": "#aged", "uv": [ 0.5, 10.5, 1.5, 11.5 ] },
						"south": { "texture": "#aged", "uv": [ 8.0, 8.5, 12.0, 9.5 ] },
						"west": { "texture": "#aged", "uv": [ 6.0, 9.5, 7.0, 10.5 ], "enabled": false },
						"up": { "texture": "#aged", "uv": [ 7.0, 0.0, 11.0, 1.0 ] },
						"down": { "texture": "#aged", "uv": [ 9.5, 1.5, 13.5, 2.5 ] }
					}
				},
				{
					"name": "handle 31",
					"from": [ -5.6, -0.35, -0.2 ], 
					"to": [ -1.6, 0.65, 0.9 ], 
					"rotationOrigin": [ -5.6, 0.45, 0.35 ],
					"rotationY": -45.0,
					"faces": {
						"north": { "texture": "#aged", "uv": [ 5.5, 1.0, 9.5, 2.0 ] },
						"east": { "texture": "#aged", "uv": [ 14.0, 5.0, 15.0, 6.0 ] },
						"south": { "texture": "#aged", "uv": [ 4.5, 11.5, 8.5, 12.5 ] },
						"west": { "texture": "#aged", "uv": [ 8.0, 14.5, 9.0, 15.5 ], "enabled": false },
						"up": { "texture": "#aged", "uv": [ 4.5, 8.5, 8.5, 9.5 ] },
						"down": { "texture": "#aged", "uv": [ 2.0, 5.5, 6.0, 6.5 ] }
					}
				},
				{
					"name": "handle 32",
					"from": [ -5.7, -0.8, -1.45 ], 
					"to": [ -4.7, 1.1, 1.55 ], 
					"rotationOrigin": [ -5.2, -0.3, -0.1 ],
					"rotationY": 47.0,
					"faces": {
						"north": { "texture": "#brown1", "uv": [ 1.0, 3.0, 2.0, 4.5 ] },
						"east": { "texture": "#brown1", "uv": [ 7.0, 4.0, 10.0, 5.5 ] },
						"south": { "texture": "#brown1", "uv": [ 8.0, 1.5, 9.0, 3.0 ] },
						"west": { "texture": "#brown1", "uv": [ 10.0, 13.0, 13.0, 14.5 ] },
						"up": { "texture": "#brown1", "uv": [ 10.0, 12.0, 11.0, 15.0 ] },
						"down": { "texture": "#brown1", "uv": [ 3.5, 5.0, 4.5, 8.0 ] }
					},
					"children": [
						{
							"name": "handle 32",
							"from": [ 0.0, 0.0, 0.3 ], 
							"to": [ 1.0, 1.9, 3.3 ], 
							"rotationOrigin": [ 0.5, 0.5, 1.65 ],
							"rotationX": 1.0,
							"rotationY": -91.0,
							"faces": {
								"north": { "texture": "#brown1", "uv": [ 11.5, 11.5, 12.5, 13.0 ] },
								"east": { "texture": "#brown1", "uv": [ 6.5, 2.5, 9.5, 4.0 ] },
								"south": { "texture": "#brown1", "uv": [ 2.0, 2.5, 3.0, 4.0 ] },
								"west": { "texture": "#brown1", "uv": [ 10.0, 7.0, 13.0, 8.5 ] },
								"up": { "texture": "#brown1", "uv": [ 6.0, 7.5, 7.0, 10.5 ] },
								"down": { "texture": "#brown1", "uv": [ 3.0, 4.5, 4.0, 7.5 ] }
							}
						}
					]
				},
				{
					"name": "handle 33",
					"from": [ -2.6, -0.85, -1.15 ], 
					"to": [ -1.6, 1.15, 2.05 ], 
					"rotationOrigin": [ -2.1, -0.3, 0.2 ],
					"rotationY": 30.0,
					"faces": {
						"north": { "texture": "#black3", "uv": [ 4.0, 4.5, 5.0, 6.5 ] },
						"east": { "texture": "#black3", "uv": [ 1.0, 7.0, 4.0, 9.0 ] },
						"south": { "texture": "#black3", "uv": [ 1.0, 8.0, 2.0, 10.0 ] },
						"west": { "texture": "#black3", "uv": [ 11.5, 3.0, 14.5, 5.0 ] },
						"up": { "texture": "#black3", "uv": [ 9.5, 2.5, 10.5, 5.5 ] },
						"down": { "texture": "#black3", "uv": [ 5.0, 4.0, 6.0, 7.0 ] }
					},
					"children": [
						{
							"name": "handle 34",
							"from": [ 0.4, 0.0, -0.4 ], 
							"to": [ 1.4, 2.0, 2.8 ], 
							"rotationOrigin": [ 0.9, 0.4, 0.95 ],
							"rotationX": 1.0,
							"rotationY": -59.99998809427091,
							"faces": {
								"north": { "texture": "#black3", "uv": [ 9.0, 7.0, 10.0, 9.0 ] },
								"east": { "texture": "#black3", "uv": [ 11.5, 6.5, 14.5, 8.5 ] },
								"south": { "texture": "#black3", "uv": [ 7.5, 10.0, 8.5, 12.0 ] },
								"west": { "texture": "#black3", "uv": [ 10.5, 8.5, 13.5, 10.5 ] },
								"up": { "texture": "#black3", "uv": [ 8.0, 1.5, 9.0, 4.5 ] },
								"down": { "texture": "#black3", "uv": [ 10.0, 7.5, 11.0, 10.5 ] }
							}
						}
					]
				},
				{
					"name": "handle 35",
					"from": [ -3.2, -0.8, -3.85 ], 
					"to": [ -2.2, 1.1, -1.35 ], 
					"rotationOrigin": [ -2.7, -0.3, -2.5 ],
					"rotationY": 64.0,
					"faces": {
						"north": { "texture": "#black2", "uv": [ 14.5, 7.5, 15.5, 9.0 ] },
						"east": { "texture": "#black2", "uv": [ 4.0, 2.5, 6.5, 4.0 ] },
						"south": { "texture": "#black2", "uv": [ 1.5, 7.0, 2.5, 8.5 ] },
						"west": { "texture": "#black2", "uv": [ 9.0, 5.5, 11.5, 7.0 ] },
						"up": { "texture": "#black2", "uv": [ 0.0, 6.5, 1.0, 9.0 ] },
						"down": { "texture": "#black2", "uv": [ 1.0, 5.5, 2.0, 8.0 ] }
					},
					"children": [
						{
							"name": "handle 36",
							"from": [ 0.3, 0.0, -0.1 ], 
							"to": [ 1.3, 1.9, 2.6 ], 
							"rotationOrigin": [ 0.8, 0.5, 1.25 ],
							"rotationX": 1.0,
							"rotationY": -72.0,
							"faces": {
								"north": { "texture": "#black2", "uv": [ 9.5, 2.0, 10.5, 3.5 ] },
								"east": { "texture": "#black2", "uv": [ 8.0, 7.5, 10.5, 9.0 ] },
								"south": { "texture": "#black2", "uv": [ 8.5, 8.5, 9.5, 10.0 ] },
								"west": { "texture": "#black2", "uv": [ 3.0, 4.0, 5.5, 5.5 ] },
								"up": { "texture": "#black2", "uv": [ 5.0, 12.5, 6.0, 15.0 ] },
								"down": { "texture": "#black2", "uv": [ 7.5, 2.5, 8.5, 5.0 ] }
							}
						}
					]
				},
				{
					"name": "handle 37",
					"from": [ -3.4, -0.8, 1.55 ], 
					"to": [ -2.4, 1.1, 4.45 ], 
					"rotationOrigin": [ -2.9, -0.3, 2.9 ],
					"rotationY": 14.0,
					"faces": {
						"north": { "texture": "#black2", "uv": [ 3.0, 2.5, 4.0, 4.0 ] },
						"east": { "texture": "#black2", "uv": [ 12.5, 2.0, 15.0, 3.5 ] },
						"south": { "texture": "#black2", "uv": [ 8.0, 13.5, 9.0, 15.0 ] },
						"west": { "texture": "#black2", "uv": [ 8.0, 7.5, 10.5, 9.0 ] },
						"up": { "texture": "#black2", "uv": [ 4.5, 11.5, 5.5, 14.0 ] },
						"down": { "texture": "#black2", "uv": [ 3.0, 10.0, 4.0, 12.5 ] }
					},
					"children": [
						{
							"name": "handle 38",
							"from": [ 0.0, 0.0, 0.0 ], 
							"to": [ 1.0, 1.9, 2.5 ], 
							"rotationOrigin": [ 0.5, 0.5, 1.35 ],
							"rotationX": 1.0,
							"rotationY": -59.99998809427091,
							"faces": {
								"north": { "texture": "#black2", "uv": [ 9.5, 14.0, 10.5, 15.5 ] },
								"east": { "texture": "#black2", "uv": [ 4.5, 13.0, 7.0, 14.5 ] },
								"south": { "texture": "#black2", "uv": [ 2.5, 7.5, 3.5, 9.0 ] },
								"west": { "texture": "#black2", "uv": [ 10.5, 2.0, 13.0, 3.5 ] },
								"up": { "texture": "#black2", "uv": [ 0.0, 10.0, 1.0, 12.5 ] },
								"down": { "texture": "#black2", "uv": [ 7.0, 13.0, 8.0, 15.5 ] }
							}
						}
					]
				},
				{
					"name": "socket34",
					"from": [ -2.5, -0.35, -3.35 ], 
					"to": [ -0.5, 0.65, -2.35 ], 
					"rotationOrigin": [ -2.5, 0.15, -2.85 ],
					"rotationX": -172.0,
					"rotationY": 1.0,
					"rotationZ": -1.0,
					"faces": {
						"north": { "texture": "#bone-yellow", "uv": [ 4.5, 14.0, 6.5, 15.0 ] },
						"east": { "texture": "#bone-yellow", "uv": [ 10.0, 14.0, 11.0, 15.0 ] },
						"south": { "texture": "#bone-yellow", "uv": [ 6.0, 7.5, 7.0, 9.5 ], "rotation": 90 },
						"west": { "texture": "#bone-yellow", "uv": [ 2.0, 11.5, 3.0, 12.5 ] },
						"up": { "texture": "#bone-yellow", "uv": [ 4.0, 2.5, 5.0, 4.5 ], "rotation": 90 },
						"down": { "texture": "#bone-yellow", "uv": [ 4.5, 11.0, 6.5, 12.0 ] }
					},
					"children": [
						{
							"name": "socket35",
							"from": [ -1.3, -0.05, -0.15 ], 
							"to": [ 0.0, 1.05, 1.15 ], 
							"rotationOrigin": [ 0.4, -0.05, -0.15 ],
							"rotationY": 40.0,
							"faces": {
								"north": { "texture": "#bone-yellow", "uv": [ 9.5, 11.0, 10.5, 12.0 ] },
								"east": { "texture": "#bone-yellow", "uv": [ 6.5, 2.0, 7.5, 3.0 ] },
								"south": { "texture": "#bone-yellow", "uv": [ 0.0, 0.5, 1.0, 1.5 ], "rotation": 90 },
								"west": { "texture": "#bone-yellow", "uv": [ 8.0, 7.0, 9.0, 8.0 ] },
								"up": { "texture": "#bone-yellow", "uv": [ 14.0, 4.0, 15.0, 5.0 ], "rotation": 90 },
								"down": { "texture": "#bone-yellow", "uv": [ 6.0, 5.5, 7.0, 6.5 ] }
							}
						},
						{
							"name": "socket36",
							"from": [ -0.2, -0.15, -1.15 ], 
							"to": [ 1.4, 1.15, 0.45 ], 
							"rotationOrigin": [ -0.2, -0.15, -1.15 ],
							"rotationY": -40.0,
							"faces": {
								"north": { "texture": "#bone-yellow", "uv": [ 2.5, 14.0, 4.0, 15.0 ] },
								"east": { "texture": "#bone-yellow", "uv": [ 11.0, 6.5, 12.5, 7.5 ] },
								"south": { "texture": "#bone-yellow", "uv": [ 5.0, 6.5, 6.0, 8.0 ], "rotation": 90 },
								"west": { "texture": "#bone-yellow", "uv": [ 14.0, 6.0, 15.5, 7.0 ] },
								"up": { "texture": "#bone-yellow", "uv": [ 3.5, 10.5, 5.0, 12.0 ], "rotation": 90 },
								"down": { "texture": "#bone-yellow", "uv": [ 14.0, 10.5, 15.5, 12.0 ] }
							}
						},
						{
							"name": "socket37",
							"from": [ 2.0, 0.15, 0.15 ], 
							"to": [ 3.5, 0.85, 0.85 ], 
							"rotationOrigin": [ 2.0, 0.1, 0.1 ],
							"faces": {
								"north": { "texture": "#bone-yellow", "uv": [ 14.0, 5.0, 15.5, 5.5 ] },
								"east": { "texture": "#bone-yellow", "uv": [ 9.5, 4.5, 10.0, 5.0 ] },
								"south": { "texture": "#bone-yellow", "uv": [ 7.5, 6.0, 8.0, 7.5 ], "rotation": 90 },
								"west": { "texture": "#bone-yellow", "uv": [ 14.5, 12.0, 15.0, 12.5 ] },
								"up": { "texture": "#bone-yellow", "uv": [ 14.0, 11.5, 14.5, 13.0 ], "rotation": 90 },
								"down": { "texture": "#bone-yellow", "uv": [ 1.0, 10.5, 2.5, 11.0 ] }
							}
						},
						{
							"name": "socket38",
							"from": [ 3.5, 0.3, 0.3 ], 
							"to": [ 4.5, 0.7, 0.7 ], 
							"rotationOrigin": [ 3.5, 0.3, 0.3 ],
							"faces": {
								"north": { "texture": "#bone-yellow", "uv": [ 5.0, 2.0, 6.0, 2.5 ] },
								"east": { "texture": "#bone-yellow", "uv": [ 4.5, 2.0, 5.0, 2.5 ] },
								"south": { "texture": "#bone-yellow", "uv": [ 10.5, 7.5, 11.0, 8.5 ], "rotation": 90 },
								"west": { "texture": "#bone-yellow", "uv": [ 11.0, 13.0, 11.5, 13.5 ] },
								"up": { "texture": "#bone-yellow", "uv": [ 11.0, 5.5, 11.5, 6.5 ], "rotation": 90 },
								"down": { "texture": "#bone-yellow", "uv": [ 3.0, 6.5, 4.0, 7.0 ] }
							}
						}
					]
				}
			]
		}
	]}