{
	"editor": {
		"allAngles": true,
		"entityTextureMode": false
	},
	"textureWidth": 16,
	"textureHeight": 16,
	"textureSizes": {
	},
	"textures": {
		"red": "game:block/cloth/linen/red",
		"bone-yellow": "game:block/creature/bone-yellow"
	},
	"elements": [
		{
			"name": "origin",
			"from": [ 18.0, 0.5, 8.0 ], 
			"to": [ 18.0, 0.5, 8.0 ], 
			"rotationOrigin": [ 8.0, 0.0, 8.0 ],
			"faces": {
				"north": { "texture": "#bone-yellow", "uv": [ 0.0, 0.0, 0.5, 0.5 ] },
				"east": { "texture": "#bone-yellow", "uv": [ 0.0, 0.0, 0.5, 0.5 ] },
				"south": { "texture": "#bone-yellow", "uv": [ 0.0, 0.0, 0.5, 0.5 ] },
				"west": { "texture": "#bone-yellow", "uv": [ 0.0, 0.0, 0.5, 0.5 ] },
				"up": { "texture": "#bone-yellow", "uv": [ 0.0, 0.0, 0.5, 0.5 ] },
				"down": { "texture": "#bone-yellow", "uv": [ 0.0, 0.0, 0.5, 0.5 ] }
			},
			"children": [
				{
					"name": "socket",
					"from": [ -22.0, -0.5, -0.75 ], 
					"to": [ -17.5, 1.0, 0.95 ], 
					"rotationOrigin": [ -22.0, -0.5, -0.75 ],
					"faces": {
						"north": { "texture": "#bone-yellow", "uv": [ 2.0, 2.5, 6.5, 4.0 ] },
						"east": { "texture": "#bone-yellow", "uv": [ 11.0, 1.0, 12.5, 2.5 ] },
						"south": { "texture": "#bone-yellow", "uv": [ 13.5, 3.0, 15.0, 7.5 ], "rotation": 90 },
						"west": { "texture": "#bone-yellow", "uv": [ 6.5, 6.5, 8.0, 8.0 ] },
						"up": { "texture": "#bone-yellow", "uv": [ 12.5, 2.0, 14.0, 6.5 ], "rotation": 90 },
						"down": { "texture": "#bone-yellow", "uv": [ 4.0, 4.0, 8.5, 5.5 ] }
					}
				},
				{
					"name": "socket8",
					"from": [ -25.1, -0.85, -0.85 ], 
					"to": [ -22.9, 1.35, 1.35 ], 
					"rotationOrigin": [ -23.1, -0.85, -0.85 ],
					"rotationY": 125.0,
					"faces": {
						"north": { "texture": "#bone-yellow", "uv": [ 3.0, 7.5, 5.0, 9.5 ] },
						"east": { "texture": "#bone-yellow", "uv": [ 13.5, 3.5, 15.5, 5.5 ] },
						"south": { "texture": "#bone-yellow", "uv": [ 1.0, 6.0, 3.0, 8.0 ], "rotation": 90 },
						"west": { "texture": "#bone-yellow", "uv": [ 2.5, 9.0, 4.5, 11.0 ] },
						"up": { "texture": "#bone-yellow", "uv": [ 13.5, 0.5, 15.5, 2.5 ], "rotation": 90 },
						"down": { "texture": "#bone-yellow", "uv": [ 4.5, 6.5, 6.5, 8.5 ] }
					}
				},
				{
					"name": "socket12",
					"from": [ -16.5, -0.15, -0.65 ], 
					"to": [ -12.5, 0.65, 0.35 ], 
					"rotationOrigin": [ -16.5, -0.15, -0.65 ],
					"rotationX": 0.10293546281467587,
					"rotationY": 1.3859494754553047E-6,
					"rotationZ": 0.00629515207154981,
					"faces": {
						"north": { "texture": "#bone-yellow", "uv": [ 5.0, 8.5, 9.0, 9.0 ] },
						"east": { "texture": "#bone-yellow", "uv": [ 6.5, 10.5, 7.5, 11.0 ] },
						"south": { "texture": "#bone-yellow", "uv": [ 3.5, 4.0, 4.0, 8.0 ], "rotation": 90 },
						"west": { "texture": "#bone-yellow", "uv": [ 12.0, 4.0, 13.0, 4.5 ] },
						"up": { "texture": "#bone-yellow", "uv": [ 13.0, 1.5, 14.0, 5.5 ], "rotation": 90 },
						"down": { "texture": "#bone-yellow", "uv": [ 5.0, 5.0, 9.0, 6.0 ] }
					}
				},
				{
					"name": "socket11",
					"from": [ -25.0, -0.75, -0.75 ], 
					"to": [ -23.0, 1.25, 1.25 ], 
					"rotationOrigin": [ -23.0, -0.75, 1.25 ],
					"rotationY": -114.0,
					"faces": {
						"north": { "texture": "#bone-yellow", "uv": [ 5.5, 6.0, 7.5, 8.0 ] },
						"east": { "texture": "#bone-yellow", "uv": [ 4.0, 6.5, 6.0, 8.5 ] },
						"south": { "texture": "#bone-yellow", "uv": [ 8.0, 2.5, 10.0, 4.5 ], "rotation": 90 },
						"west": { "texture": "#bone-yellow", "uv": [ 9.0, 9.0, 11.0, 11.0 ] },
						"up": { "texture": "#bone-yellow", "uv": [ 13.5, 12.0, 15.5, 14.0 ], "rotation": 90 },
						"down": { "texture": "#bone-yellow", "uv": [ 8.0, 9.0, 10.0, 11.0 ] }
					}
				},
				{
					"name": "socket6",
					"from": [ -17.5, -0.4, -0.65 ], 
					"to": [ -16.5, 0.9, 0.85 ], 
					"rotationOrigin": [ -17.5, -0.4, -0.65 ],
					"rotationX": 0.10293546281467587,
					"rotationY": 1.3859494754553047E-6,
					"rotationZ": 0.00629515207154981,
					"faces": {
						"north": { "texture": "#bone-yellow", "uv": [ 10.5, 5.5, 11.5, 6.5 ] },
						"east": { "texture": "#bone-yellow", "uv": [ 10.0, 3.0, 11.5, 4.0 ] },
						"south": { "texture": "#bone-yellow", "uv": [ 5.0, 11.5, 6.0, 12.5 ], "rotation": 90 },
						"west": { "texture": "#bone-yellow", "uv": [ 5.0, 13.5, 6.5, 14.5 ] },
						"up": { "texture": "#bone-yellow", "uv": [ 6.0, 5.0, 7.5, 6.0 ], "rotation": 90 },
						"down": { "texture": "#bone-yellow", "uv": [ 0.0, 0.5, 1.0, 2.0 ] }
					}
				},
				{
					"name": "socket7",
					"from": [ -12.5, 0.05, -0.65 ], 
					"to": [ -11.0, 0.45, 0.35 ], 
					"rotationOrigin": [ -12.5, 0.05, -0.65 ],
					"rotationX": 0.10293546281467587,
					"rotationY": 1.3859494754553047E-6,
					"rotationZ": 0.00629515207154981,
					"faces": {
						"north": { "texture": "#bone-yellow", "uv": [ 14.0, 1.0, 15.5, 1.5 ] },
						"east": { "texture": "#bone-yellow", "uv": [ 9.5, 14.5, 10.5, 15.0 ] },
						"south": { "texture": "#bone-yellow", "uv": [ 14.5, 10.0, 15.0, 11.5 ], "rotation": 90 },
						"west": { "texture": "#bone-yellow", "uv": [ 2.0, 7.0, 3.0, 7.5 ] },
						"up": { "texture": "#bone-yellow", "uv": [ 9.0, 9.0, 10.0, 10.5 ], "rotation": 90 },
						"down": { "texture": "#bone-yellow", "uv": [ 10.0, 12.0, 11.5, 13.0 ] }
					}
				},
				{
					"name": "socket9",
					"from": [ -11.0, 0.05, -0.65 ], 
					"to": [ -10.5, 0.45, -0.15 ], 
					"rotationOrigin": [ -11.0, 0.05, -0.65 ],
					"rotationX": 0.10293546281467587,
					"rotationY": 1.3859494754553047E-6,
					"rotationZ": 0.00629515207154981,
					"faces": {
						"north": { "texture": "#bone-yellow", "uv": [ 10.0, 4.5, 10.5, 5.0 ] },
						"east": { "texture": "#bone-yellow", "uv": [ 7.5, 10.5, 8.0, 11.0 ] },
						"south": { "texture": "#bone-yellow", "uv": [ 2.0, 12.0, 2.5, 12.5 ], "rotation": 90 },
						"west": { "texture": "#bone-yellow", "uv": [ 8.0, 8.0, 8.5, 8.5 ] },
						"up": { "texture": "#bone-yellow", "uv": [ 5.5, 15.0, 6.0, 15.5 ], "rotation": 90 },
						"down": { "texture": "#bone-yellow", "uv": [ 1.5, 8.0, 2.0, 8.5 ] }
					}
				},
				{
					"name": "socket10",
					"from": [ -16.5, 0.05, 0.35 ], 
					"to": [ -11.5, 0.45, 0.85 ], 
					"rotationOrigin": [ -16.5, 0.05, 0.35 ],
					"rotationX": 0.10293546281467587,
					"rotationY": 1.3859494754553047E-6,
					"rotationZ": 0.00629515207154981,
					"faces": {
						"north": { "texture": "#bone-yellow", "uv": [ 7.5, 9.5, 12.5, 10.0 ] },
						"east": { "texture": "#bone-yellow", "uv": [ 1.0, 11.5, 1.5, 12.0 ] },
						"south": { "texture": "#bone-yellow", "uv": [ 12.5, 0.5, 13.0, 5.5 ], "rotation": 90 },
						"west": { "texture": "#bone-yellow", "uv": [ 4.5, 14.0, 5.0, 14.5 ] },
						"up": { "texture": "#bone-yellow", "uv": [ 10.5, 10.0, 11.0, 15.0 ], "rotation": 90 },
						"down": { "texture": "#bone-yellow", "uv": [ 5.0, 6.0, 10.0, 6.5 ] }
					}
				},
				{
					"name": "socket13",
					"from": [ -20.3, -0.6, -0.95 ], 
					"to": [ -19.8, 1.1, 1.25 ], 
					"rotationOrigin": [ -19.8, -0.6, -0.95 ],
					"rotationX": -1.0,
					"rotationY": 30.0,
					"rotationZ": 3.0,
					"faces": {
						"north": { "texture": "#red", "uv": [ 5.0, 8.0, 5.5, 9.5 ] },
						"east": { "texture": "#red", "uv": [ 6.0, 4.0, 8.0, 5.5 ] },
						"south": { "texture": "#red", "uv": [ 5.0, 13.0, 6.5, 13.5 ], "rotation": 90 },
						"west": { "texture": "#red", "uv": [ 1.5, 7.5, 3.5, 9.0 ] },
						"up": { "texture": "#red", "uv": [ 2.0, 8.5, 4.0, 9.0 ], "rotation": 90 },
						"down": { "texture": "#red", "uv": [ 6.0, 9.5, 6.5, 11.5 ] }
					},
					"children": [
						{
							"name": "socket14",
							"from": [ -0.9, -0.0349, -0.27 ], 
							"to": [ -0.4, 1.6651, 1.93 ], 
							"rotationOrigin": [ -0.3998, -0.0349, 1.7318 ],
							"rotationX": 3.4623454315000752,
							"rotationY": -59.9697919576457,
							"rotationZ": 1.9981750207561706,
							"faces": {
								"north": { "texture": "#red", "uv": [ 6.0, 11.0, 6.5, 12.5 ] },
								"east": { "texture": "#red", "uv": [ 5.0, 6.5, 7.0, 8.0 ] },
								"south": { "texture": "#red", "uv": [ 12.5, 0.5, 14.0, 1.0 ], "rotation": 90 },
								"west": { "texture": "#red", "uv": [ 3.5, 8.0, 5.5, 9.5 ] },
								"up": { "texture": "#red", "uv": [ 8.0, 5.0, 10.0, 5.5 ], "rotation": 90 },
								"down": { "texture": "#red", "uv": [ 0.5, 4.5, 1.0, 6.5 ] }
							}
						}
					]
				},
				{
					"name": "socket15",
					"from": [ -19.3, -0.6, -0.85 ], 
					"to": [ -18.8, 1.1, 1.35 ], 
					"rotationOrigin": [ -18.8, -0.6, -0.85 ],
					"rotationX": -1.0,
					"rotationY": 32.0,
					"rotationZ": 3.0,
					"faces": {
						"north": { "texture": "#red", "uv": [ 6.0, 6.5, 6.5, 8.0 ] },
						"east": { "texture": "#red", "uv": [ 9.5, 8.5, 11.5, 10.0 ] },
						"south": { "texture": "#red", "uv": [ 9.5, 11.0, 11.0, 11.5 ], "rotation": 90 },
						"west": { "texture": "#red", "uv": [ 8.5, 11.5, 10.5, 13.0 ] },
						"up": { "texture": "#red", "uv": [ 8.5, 12.5, 10.5, 13.0 ], "rotation": 90 },
						"down": { "texture": "#red", "uv": [ 10.0, 6.5, 10.5, 8.5 ] }
					},
					"children": [
						{
							"name": "socket15",
							"from": [ -0.8, -0.0349, -0.57 ], 
							"to": [ -0.3, 1.6651, 1.63 ], 
							"rotationOrigin": [ -0.2998, -0.0349, 1.4318 ],
							"rotationX": 3.4623454315000752,
							"rotationY": -59.9697919576457,
							"rotationZ": -2.0,
							"faces": {
								"north": { "texture": "#red", "uv": [ 12.5, 8.5, 13.0, 10.0 ] },
								"east": { "texture": "#red", "uv": [ 12.0, 13.5, 14.0, 15.0 ] },
								"south": { "texture": "#red", "uv": [ 14.0, 1.5, 15.5, 2.0 ], "rotation": 90 },
								"west": { "texture": "#red", "uv": [ 12.0, 11.5, 14.0, 13.0 ] },
								"up": { "texture": "#red", "uv": [ 6.0, 0.0, 8.0, 0.5 ], "rotation": 90 },
								"down": { "texture": "#red", "uv": [ 15.0, 0.5, 15.5, 2.5 ] }
							}
						}
					]
				},
				{
					"name": "socket16",
					"from": [ -18.3, -0.6, -0.85 ], 
					"to": [ -17.8, 1.1, 1.15 ], 
					"rotationOrigin": [ -17.8, -0.6, -0.85 ],
					"rotationX": -1.0,
					"rotationY": 22.0,
					"rotationZ": -3.0,
					"faces": {
						"north": { "texture": "#red", "uv": [ 12.5, 9.5, 13.0, 11.0 ] },
						"east": { "texture": "#red", "uv": [ 8.0, 11.5, 10.0, 13.0 ] },
						"south": { "texture": "#red", "uv": [ 8.0, 7.5, 9.5, 8.0 ], "rotation": 90 },
						"west": { "texture": "#red", "uv": [ 10.0, 8.5, 12.0, 10.0 ] },
						"up": { "texture": "#red", "uv": [ 10.0, 4.5, 12.0, 5.0 ], "rotation": 90 },
						"down": { "texture": "#red", "uv": [ 7.5, 3.5, 8.0, 5.5 ] }
					},
					"children": [
						{
							"name": "socket16",
							"from": [ -0.9, -0.03, -0.37 ], 
							"to": [ -0.4, 1.67, 1.83 ], 
							"rotationOrigin": [ -0.3998, -0.0349, 1.6318 ],
							"rotationX": 3.4623454315000752,
							"rotationY": -50.0,
							"rotationZ": 1.9981750207561706,
							"faces": {
								"north": { "texture": "#red", "uv": [ 10.0, 1.5, 10.5, 3.0 ] },
								"east": { "texture": "#red", "uv": [ 3.0, 11.0, 5.0, 12.5 ] },
								"south": { "texture": "#red", "uv": [ 14.0, 7.0, 15.5, 7.5 ], "rotation": 90 },
								"west": { "texture": "#red", "uv": [ 0.5, 0.5, 2.5, 2.0 ] },
								"up": { "texture": "#red", "uv": [ 9.5, 12.0, 11.5, 12.5 ], "rotation": 90 },
								"down": { "texture": "#red", "uv": [ 15.0, 5.5, 15.5, 7.5 ] }
							}
						}
					]
				}
			]
		}
	]}