{
	code: "enlongblade",
	damagedby: ["blockbreaking", "attacking"],
	tool: "sword",
	class: "NormalSwordChargeNone",
	attributes: {
		heldItemPitchFollow: 0.9,
		handbook: { groupBy: ["enlongblade-*"] },
		toolrackTransform: {
			translation: { x: 0, y: 0.7, z: 0 },
			rotation: { x: 0, y: -180, z: 0 },
			scale: 1.5
		},
		groundStorageTransform: {
			translation: { x: 0, y: 0.22, z: -0.12 },
			rotation: { x: -75, y: -90, z: 0 },
			scale: 0.95
		}
	},
	behaviors: [{ 
		name: "GroundStorable",
		properties: {
			layout: 'WallHalves',
			wallOffY: 1,
			sprintKey: true,
			selectionBox: { x1: 0, y1: 0, z1: 0, x2: 1, y2: 0.1, z2: 1 },
			collisionBox: { x1: 0, y1: 0, z1: 0, x2: 0, y2: 0, z2: 0 },
		}
	},{ name: "AnimationAuthoritative" }],
	variantgroups: [
		{ code: "metal", states: ["iron", "meteoriciron", "steel"] },
	],
	shape: { base: "item/weapon/bastardsword1" },
	heldTpHitAnimation: "falx",
	heldTpUseAnimation: "interactstatic",
	textures: { "iron": { base: "game:block/metal/anvil/{metal}" } },
	attackRange: 2.8,
	tooltierbytype: {
		"*-iron": 4,
		"*-meteoriciron": 4,
		"*-steel": 5
	},
	attackpowerbytype: {
		"*-iron": 6.5,
		"*-meteoriciron": 7,
		"*-steel": 8.5
	},
	durabilitybytype: {
		"*-iron": 1100,
		"*-meteoriciron": 1350,
		"*-steel": 2250
	},
	damageTypeByType: {
		"*": "SlashingAttack",
	},
	creativeinventory: { "general": ["*"], "items": ["*"], "tools": ["*"], "alphaweaponpack": ["*"] },
	guiTransform: {
		translation: { x: 0, y: 0, z: 0 },
		rotation: { x: -90, y: 45, z: 35 },
		origin: { x: 0.55, y: 0, z: 0.48 },
		scale: 1.25
	},
	fpHandTransform: {
		translation: { x: 0, y: 0, z: 0 },
		rotation: { x: 5, y: 10, z: 90 },
		origin: { x: 0.2, y: 0.5, z: 0.6 },
		scale: 4
	},
	tpHandTransform: {
		translation: { x: -1.25, y: -0.55, z: -1 },
		rotation: { x: -96, y: 0, z: 0 },
		scale: 0.95
	},
	groundTransform: {
		translation: { x: 0, y: 0.4, z: 0 },
		rotation: { x: 0, y: 0, z: 0 },
		origin: { x: 0.5, y: 0.5, z: 0.5299 },
		scale: 4
	}
}