{
	code: "epsilonaxe",
	damagedby: ["attacking"],
	tool: "sword",
	class: "SlowSwordChargeSlow",
	attributes: {
		handbook: { groupBy: ["epsilonaxe-*"] },
		groundStorageTransformByType: {
			"*": {
				translation: { x: 0, y: 0.15, z: -0.12 },
				rotation: { x: 26, y: 90, z: -90 },
				scale: 0.95
			}
		},
		toolrackTransform: {
			translation: { x: 0, y: 0.8, z: 0 },
			scale: 1.5
		}
	},
	behaviors: [{ 
		name: "GroundStorable",
		properties: {
			layout: 'WallHalves',
			wallOffYByType: {
				"*": 2
			},
			sprintKey: true,
			selectionBox: { x1: 0, y1: 0, z1: 0, x2: 1, y2: 0.1, z2: 1 },
			collisionBox: { x1: 0, y1: 0, z1: 0, x2: 0, y2: 0, z2: 0 },
		}
	},{ name: "AnimationAuthoritative" }],
	variantgroups: [
		{ code: "metal", states: ["copper", "tinbronze", "bismuthbronze", "blackbronze"] },
	],
	shape: { base: "item/weapon/epsilonaxe" },
	heldTpHitAnimation: "falx",
	heldTpUseAnimation: "interactstatic",
	textures: { "iron": { base: "game:block/metal/anvil/{metal}" } },
	attackRange: 3,
	tooltierbytype: {
		"*-copper": 2,
		"*-bismuthbronze": 3,
		"*-tinbronze": 3,
		"*-blackbronze": 3
	},
	attackpowerbytype: {
		"*-copper": 5,
		"*-bismuthbronze": 6,
		"*-tinbronze": 6,
		"*-blackbronze": 6
	},
	durabilitybytype: {
		"*-copper": 440,
		"*-tinbronze": 620,
		"*-bismuthbronze": 630,
		"*-blackbronze": 640
	},
	damageTypeByType: {
		"*": "PiercingAttack",
	},
	creativeinventory: { "general": ["*"], "items": ["*"], "tools": ["*"], "alphaweaponpack": ["*"] },
	guiTransform: {
		translation: { x: 0, y: 0, z: 0 },
		rotation: { x: -65, y: 42, z: 0 },
		origin: { x: 0.7, y: -0.35, z: 0.6 },
		scale: 2.25
	},
	fpHandTransform: {
		translation: { x: -0.5, y: -0.2, z: 0 },
		rotation: { x: -5, y: 10, z: 90 },
		origin: { x: 0.6, y: 0.5, z: 0.5 },
		scale: 3
	},
	tpHandTransform: {
		translation: { x: -0.9, y: -0.5, z: -0.05 },
		rotation: { x: 90, y: 0, z: 0 },
		scale: 0.95
	},
	groundTransform: {
		translation: { x: 0, y: 0.4, z: 0 },
		rotation: { x: 0, y: 0, z: 0 },
		origin: { x: 0.5, y: 0.5, z: 0.5299 },
		scale: 4
	}
}