{
	code: "haleberd",
	class: "VerySlowSwordChargeFast",
	damagedby: ["attacking"],
	tool: "spear",
	attributes: {
		handbook: { groupBy: ["haleberd"] },
		toolrackTransform: {
				rotation: { x: 90, y: 1, z: -1 },
				translation: { x: -0.2, y: 0.05, z: 0.5 },
				scale: 1
			},
		groundStorageTransformByType: {
			"*": {
				translation: { x: -0.19, y: 0.36, z: 0.15 },
				rotation: { x: 16, y: 1, z: 90 },
				scale: 0.85
			}
		},
	},
	behaviors: [{ 
		name: "GroundStorable",
		properties: {
			layout: 'WallHalves',
			wallOffY: 2,
			sprintKey: true,
			selectionBox: { x1: 0, y1: 0, z1: 0, x2: 1, y2: 0.1, z2: 1 },
			collisionBox: { x1: 0, y1: 0, z1: 0, x2: 0, y2: 0, z2: 0 },
		}
	},{ name: "AnimationAuthoritative" }],
	variantgroups: [
		{ code: "metal", states: ["iron", "meteoriciron", "steel"] },
	],
	shape: { base: "item/weapon/halberd1" },
	heldTpHitAnimation: "falx",
	heldTpUseAnimation: "interactstatic",
	textures: { "iron": { base: "game:block/metal/anvil/{metal}" } },
	attackRange: 3.3,
	tooltierbytype: {
		"*-iron": 5,
		"*-meteoriciron": 5,
		"*-steel": 6
	},
	attackpowerbytype: {
		"*-iron": 10,
		"*-meteoriciron": 10.5,
		"*-steel": 12
	},
	durabilitybytype: {
		"*-iron": 1600,
		"*-meteoriciron": 1750,
		"*-steel": 2700
	},
	damageTypeByType: {
		"*": "BluntAttack",
	},
	creativeinventory: { "general": ["*"], "items": ["*"], "tools": ["*"], "alphaweaponpack": ["*"] },
	guiTransform: {
		translation: { x: 0, y: 0, z: 0 },
		rotation: { x: 35, y: 5, z: -50 },
		origin: { x: 1.15, y: -0.05, z: 0.34 },
		scale: 2
	},
	fpHandTransform: {
		translation: { x: 0, y: 0, z: 0 },
		rotation: { x: -20, y: 90, z: 100 },
		origin: { x: 0.6, y: 0.1, z: 0.2 },
		scale: 3.5
	},
	tpHandTransform: {
		translation: { x: -1.54, y: -0.01, z: -0.5899 },
		rotation: { x: 0, y: 0, z: 0 },
		origin: { x: 0.6, y: 0, z: 0.5 },
		scale: 0.8
	},
	groundTransform: {
		translation: { x: 0, y: 0, z: 0 },
		rotation: { x: 0, y: 0, z: 0 },
		origin: { x: 0.5, y: 0, z: 0.5 },
		scale: 3.4
	}
}